﻿Verkiezing;;Tweede Kamer der Staten-Generaal 2025;;;;;;;;
Datum;;29-10-2025;;;;;;;;
Gebied;;Gemeente Simpelveld;;;;;;;;
Nummer;;0965;;;;;;;;
;;;;;;;;;;
Lijstnummer;Aanduiding;Volgnummer;Naam kandidaat;Totaal;Gemeentehuis;Café / Partycentrum Oud-Zumpelveld;Speeltuin Hulsveld;Multifunctioneel centrum Op de Boor;Wijngracht 9 Sporthal Bocholtz;Mobiel stembureau
Gebiednummer;;;;;1;2;3;4;5;6
Postcode;;;;;6369 AH;6369 VL;6369 CM;6351 GN;6351 HJ;6351 BE
;opgeroepenen;;;8117;2025;1184;1295;1867;1746;0
;geldige stempas;;;5699;1847;597;700;1137;1330;88
;geldig volmachtbewijs;;;688;222;71;82;127;179;7
;geldige kiezerspas;;;32;18;0;3;6;5;0
;toegelaten kiezers;;;6419;2087;668;785;1270;1514;95
;geldige stembiljetten;;;6374;2071;667;783;1256;1504;93
;blanco stembiljetten;;;36;15;1;2;11;7;0
;ongeldige stembiljetten;;;7;0;1;0;3;1;2
;aangetroffen stembiljetten;;;6417;2086;669;785;1270;1512;95
;meer stembiljetten dan toegelaten kiezers;;;1;0;1;0;0;0;0
;minder stembiljetten dan toegelaten kiezers;;;3;1;0;0;0;2;0
;kiezers met stembiljet hebben niet gestemd;;;0;0;0;0;0;0;0
;er zijn te weinig stembiljetten uitgereikt;;;0;0;0;0;0;0;0
;er zijn te veel stembiljetten uitgereikt;;;0;0;0;0;0;0;0
;geen verklaring;;;0;0;0;0;0;0;0
;andere verklaring;;;0;0;0;0;0;0;0
1;PVV (Partij voor de Vrijheid);;;1960;583;206;218;397;526;30
;;1;Wilders, G.;1875;561;195;209;380;500;30
;;2;Stöteler, T.S.M.;2;2;0;0;0;0;0
;;3;Schilder, J.M.M.;14;3;0;2;4;5;0
;;4;Lammers, A.N.;3;1;0;1;1;0;0
;;5;Markuszower, G.;1;0;0;0;1;0;0
;;6;Bosma, M.;10;1;1;1;2;5;0
;;7;Claassen, R.A.B.;25;8;8;1;3;5;0
;;8;van Dijck, A.P.C.;0;0;0;0;0;0;0
;;9;Faber, M.H.M.;13;5;0;1;2;5;0
;;10;Maeijer, V.;1;0;0;1;0;0;0
;;11;Mulder, E.;0;0;0;0;0;0;0
;;12;Kops, A.;0;0;0;0;0;0;0
;;13;Vlottes, E.;1;0;0;0;0;1;0
;;14;Vondeling, M.;0;0;0;0;0;0;0
;;15;Heutink, H.D.;0;0;0;0;0;0;0
;;16;Mooiman, J.;0;0;0;0;0;0;0
;;17;Moinat, N.;0;0;0;0;0;0;0
;;18;Graus, D.J.G.;6;1;1;2;1;1;0
;;19;van Dijk, E.;0;0;0;0;0;0;0
;;20;ten Hove, T.;0;0;0;0;0;0;0
;;21;Prickaertz, E.C.;1;0;0;0;1;0;0
;;22;de Roon, R.;0;0;0;0;0;0;0
;;23;Boon, M.C.H.;0;0;0;0;0;0;0
;;24;Raijer, A.J.;0;0;0;0;0;0;0
;;25;van Meetelen, R.F.;0;0;0;0;0;0;0
;;26;Jansen, C.A.;0;0;0;0;0;0;0
;;27;Aardema, M.;0;0;0;0;0;0;0
;;28;Deen, M.;0;0;0;0;0;0;0
;;29;Nijhof-Leeuw, J.M.;1;0;0;0;1;0;0
;;30;de Vree, J.H.;0;0;0;0;0;0;0
;;31;Pool, J.;0;0;0;0;0;0;0
;;32;van der Hoeff, P.H.;0;0;0;0;0;0;0
;;33;Ram, D.;0;0;0;0;0;0;0
;;34;Crijns, P.P.;4;1;0;0;1;2;0
;;35;Smitskam, P.;0;0;0;0;0;0;0
;;36;Boutkan, W.;0;0;0;0;0;0;0
;;37;Thiadens, F.M.;0;0;0;0;0;0;0
;;38;Blaauw, R.B.;0;0;0;0;0;0;0
;;39;Valize, J.J.T.M.;0;0;0;0;0;0;0
;;40;Faddegon, C.J.;0;0;0;0;0;0;0
;;41;Clermonts, C.N.L.;0;0;0;0;0;0;0
;;42;Uppelschoten, N.A.;0;0;0;0;0;0;0
;;43;van Haasen, J.P.;0;0;0;0;0;0;0
;;44;Esser, E.R.F.;0;0;0;0;0;0;0
;;45;Rep, R.J.H.H.;1;0;1;0;0;0;0
;;46;Riezebos, C.H.;0;0;0;0;0;0;0
;;47;Grobben, S.M.;0;0;0;0;0;0;0
;;48;Megens, B.J.M.H.;0;0;0;0;0;0;0
;;49;Ubaghs, W.J.;0;0;0;0;0;0;0
;;50;Blömer, A.G.A.;0;0;0;0;0;0;0
;;51;Verbaarschot-Hendriks, M.;0;0;0;0;0;0;0
;;52;de Graaf, J.L.;0;0;0;0;0;0;0
;;53;Feeburg, F.;0;0;0;0;0;0;0
;;54;Ritzen, S.A.G.;0;0;0;0;0;0;0
;;55;de Moel, D.;0;0;0;0;0;0;0
;;56;de Boer, P.;0;0;0;0;0;0;0
;;57;Ahrens, J.;0;0;0;0;0;0;0
;;58;Roos, B.M.;0;0;0;0;0;0;0
;;59;Smits, S.;0;0;0;0;0;0;0
;;60;Casteleijn, A.A.A.;0;0;0;0;0;0;0
;;61;van Bijnen, H.M.;1;0;0;0;0;1;0
;;62;van Valderen, P.;0;0;0;0;0;0;0
;;63;de Vries, M.;0;0;0;0;0;0;0
;;64;Pfoster, D.D.W.;1;0;0;0;0;1;0
;;65;Griesen, J.;0;0;0;0;0;0;0
;;66;Zandman, I.F.;0;0;0;0;0;0;0
;;67;Alberts, S.A.M.;0;0;0;0;0;0;0
;;68;Blauw, K.A.;0;0;0;0;0;0;0
;;69;Klaassen, M.H.J.;0;0;0;0;0;0;0
;;70;Benerink, C.B.G.;0;0;0;0;0;0;0
;;71;van Stormbroek, A.;0;0;0;0;0;0;0
;;72;Cornelisse, N.;0;0;0;0;0;0;0
;;73;Liesveld, S.;0;0;0;0;0;0;0
;;74;Choenni, N.A.;0;0;0;0;0;0;0
;;75;van Kesteren, A.J.M.;0;0;0;0;0;0;0
;;76;Bezaan, I.A.;0;0;0;0;0;0;0
;;77;Blom, R.M.;0;0;0;0;0;0;0
;;78;Ehlers, M.;0;0;0;0;0;0;0
;;79;van Hattem, A.W.J.A.;0;0;0;0;0;0;0
;;80;Madlener, B.;0;0;0;0;0;0;0
2;GROENLINKS / Partij van de Arbeid (PvdA);;;587;192;61;77;118;122;17
;;1;Timmermans, F.C.G.M.;398;122;45;52;76;91;12
;;2;Lahlah, A.;22;14;1;5;2;0;0
;;3;Klaver, J.F.;41;10;4;6;8;12;1
;;4;Piri, K.P.;9;3;0;2;2;1;1
;;5;Westerveld, E.M.;22;9;1;2;9;1;0
;;6;Moorman, M.;23;5;1;4;8;3;2
;;7;Stultiens, L.C.J.;0;0;0;0;0;0;0
;;8;de Hoop, H.E.;3;3;0;0;0;0;0
;;9;Bromet, L.;1;1;0;0;0;0;0
;;10;van Oosterhout, A.S.;5;0;2;1;1;1;0
;;11;Bushoff, T.J.;0;0;0;0;0;0;0
;;12;Kröger, S.C.;2;0;0;0;2;0;0
;;13;Mohandis, M.;1;1;0;0;0;0;0
;;14;Patijn, M.H.;0;0;0;0;0;0;0
;;15;Zalinyan, A.;0;0;0;0;0;0;0
;;16;van der Lee, T.M.T.;0;0;0;0;0;0;0
;;17;Mutluer, S.;0;0;0;0;0;0;0
;;18;Bolhuis, W.D.;0;0;0;0;0;0;0
;;19;Gabriëls, G.J.W.;21;6;2;2;5;6;0
;;20;Nordkamp, J.;0;0;0;0;0;0;0
;;21;van der Linden, J.J.;2;1;1;0;0;0;0
;;22;Roduner, F.J.;1;0;0;0;0;1;0
;;23;Hirsch, D.H.;2;1;0;0;0;1;0
;;24;Abdi, F.;0;0;0;0;0;0;0
;;25;Tseggai, M.;2;0;0;0;0;2;0
;;26;Pijpelink, A.;2;1;0;1;0;0;0
;;27;Vliegenthart, L.;2;1;0;0;0;1;0
;;28;Esser, M.J.W.;0;0;0;0;0;0;0
;;29;Haage, M.W.;0;0;0;0;0;0;0
;;30;White, R.J.;0;0;0;0;0;0;0
;;31;Vrolijks, I.L.;1;1;0;0;0;0;0
;;32;Kathmann, B.C.;5;1;2;0;0;1;1
;;33;Muns, L.;1;1;0;0;0;0;0
;;34;de Jong, H.A.;0;0;0;0;0;0;0
;;35;Chakor, G.;0;0;0;0;0;0;0
;;36;Vonk, M.;0;0;0;0;0;0;0
;;37;van der Zweth, R.;0;0;0;0;0;0;0
;;38;Vink, J.C.;0;0;0;0;0;0;0
;;39;Tak, D.P.A.;0;0;0;0;0;0;0
;;40;Nikshomar, S.;0;0;0;0;0;0;0
;;41;Hyder, I.F.;0;0;0;0;0;0;0
;;42;Sibbing, L.V.;0;0;0;0;0;0;0
;;43;Woltring, N.M.;4;2;1;0;0;1;0
;;44;Olivier, D.;0;0;0;0;0;0;0
;;45;de Kroon, T.A.;0;0;0;0;0;0;0
;;46;de Boer, M.M.;0;0;0;0;0;0;0
;;47;Boomsma, R.;0;0;0;0;0;0;0
;;48;de Jonge, T.F.;0;0;0;0;0;0;0
;;49;Bwefar, R.I.;0;0;0;0;0;0;0
;;50;Jeursen, L.B.;0;0;0;0;0;0;0
;;51;Daenen, J.W.B.;0;0;0;0;0;0;0
;;52;Bolding, F.;1;1;0;0;0;0;0
;;53;Mehdi, T.;0;0;0;0;0;0;0
;;54;Hamzad, P.;0;0;0;0;0;0;0
;;55;Visser, G.;0;0;0;0;0;0;0
;;56;Schreuders, J.M.;7;6;0;0;1;0;0
;;57;Bijl, M.;0;0;0;0;0;0;0
;;58;Piepers, R.J.A.;0;0;0;0;0;0;0
;;59;Ammerlaan, T.B.;0;0;0;0;0;0;0
;;60;Punte-Zwart, W.S.;0;0;0;0;0;0;0
;;61;Groenteman, H.;0;0;0;0;0;0;0
;;62;van Muiswinkel, F.L.;0;0;0;0;0;0;0
;;63;Romeijn, A.;0;0;0;0;0;0;0
;;64;Bijlo, V.R.;0;0;0;0;0;0;0
;;65;Jansen, L.;0;0;0;0;0;0;0
;;66;Chalgoum, A.;0;0;0;0;0;0;0
;;67;de Jong, N.S.;1;0;1;0;0;0;0
;;68;Wattimena, M.B.D.J.;0;0;0;0;0;0;0
;;69;Uğur, E.;0;0;0;0;0;0;0
;;70;Smeets, J.A.P.;5;2;0;0;3;0;0
;;71;Bas, L.A.J.L.;0;0;0;0;0;0;0
;;72;Karbache, A.;0;0;0;0;0;0;0
;;73;Blom, P.;0;0;0;0;0;0;0
;;74;Gesthuizen, S.M.J.G.;0;0;0;0;0;0;0
;;75;Roovers, T.T.A.J.;0;0;0;0;0;0;0
;;76;Jongerius, A.M.;0;0;0;0;0;0;0
;;77;van Gent, W.;0;0;0;0;0;0;0
;;78;van Es, A.C.;1;0;0;0;1;0;0
;;79;Pronk, J.P.;0;0;0;0;0;0;0
;;80;d' Ancona, H.;2;0;0;2;0;0;0
3;VVD;;;788;281;78;95;127;201;6
;;1;Yeşilgöz-Zegerius, D.;403;141;43;47;70;98;4
;;2;Heinen, E.;31;6;3;6;7;9;0
;;3;Brekelmans, R.P.;55;18;6;9;5;17;0
;;4;Karremans, V.P.G.;84;35;7;14;7;21;0
;;5;van der Burg, E.;4;3;0;0;0;1;0
;;6;Becker, B.;14;3;0;5;1;5;0
;;7;van Eijk-Nagel, W.P.J.;21;11;0;1;5;4;0
;;8;Erkens, S.P.A.;144;54;15;12;28;34;1
;;9;Martens-America, C.;0;0;0;0;0;0;0
;;10;Nobel, J.N.J.;1;0;0;0;0;1;0
;;11;van Campen, A.A.H.;0;0;0;0;0;0;0
;;12;Rajkowski, Q.M.;0;0;0;0;0;0;0
;;13;Ellian, U.;0;0;0;0;0;0;0
;;14;Aartsen, A.A.;0;0;0;0;0;0;0
;;15;Michon-Derkzen, I.J.M.;1;0;0;0;1;0;0
;;16;de Groot, P.C.;0;0;0;0;0;0;0
;;17;Bevers, H.;0;0;0;0;0;0;0
;;18;den Hollander, R.;3;0;0;0;1;2;0
;;19;Kisteman, A.;0;0;0;0;0;0;0
;;20;de Kort, A.H.J.;0;0;0;0;0;0;0
;;21;Wendel, H.;0;0;0;0;0;0;0
;;22;Schutz, B.A.;0;0;0;0;0;0;0
;;23;Bikkers, B.T.;0;0;0;0;0;0;0
;;24;Müller, A.S.;1;0;0;1;0;0;0
;;25;Meulenkamp, W.J.H.;1;0;0;0;0;1;0
;;26;de Beer, M.E.E.;19;7;4;0;1;6;1
;;27;Maes, N.C.J.;0;0;0;0;0;0;0
;;28;van der Maas, E.J.;0;0;0;0;0;0;0
;;29;Verkuijlen, R.;0;0;0;0;0;0;0
;;30;van Groningen-de Haas, D.A.;0;0;0;0;0;0;0
;;31;Berk, A.S.;0;0;0;0;0;0;0
;;32;Richardson, S.M.;0;0;0;0;0;0;0
;;33;Hoebink, J.;0;0;0;0;0;0;0
;;34;Buijsse, M.R.G.;0;0;0;0;0;0;0
;;35;van Kessel, P.W.;0;0;0;0;0;0;0
;;36;Janssen, V.C.;0;0;0;0;0;0;0
;;37;Eikelenboom, D.;0;0;0;0;0;0;0
;;38;Nijssen, S.C.;0;0;0;0;0;0;0
;;39;Hartsuiker, R.J.J.;0;0;0;0;0;0;0
;;40;Zeeuw van der Laan, E.M.;0;0;0;0;0;0;0
;;41;Yizhak Cooremans, R.A.T.;0;0;0;0;0;0;0
;;42;Melisse, T.C.;0;0;0;0;0;0;0
;;43;Hoogezand, B.;0;0;0;0;0;0;0
;;44;Huckriede, J.M.A.;0;0;0;0;0;0;0
;;45;van Dijken, A.J.;0;0;0;0;0;0;0
;;46;Nelisse, R.M.L.;0;0;0;0;0;0;0
;;47;Verwoort, R.J.;0;0;0;0;0;0;0
;;48;Kohli, N.R.;0;0;0;0;0;0;0
;;49;Arends-Drijver, K.;0;0;0;0;0;0;0
;;50;Vulpes, M.J.;0;0;0;0;0;0;0
;;51;Aptroot, B.W.;0;0;0;0;0;0;0
;;52;Vermeulen, D.;0;0;0;0;0;0;0
;;53;Versluijs, J.J.F.;1;0;0;0;1;0;0
;;54;Rodoe, H.;1;0;0;0;0;1;0
;;55;van Os, J.L.P.;0;0;0;0;0;0;0
;;56;Bruin, R.N.;0;0;0;0;0;0;0
;;57;van Nieuwamerongen-Oosterkamp, A.T.;1;1;0;0;0;0;0
;;58;Ens, A.A.;0;0;0;0;0;0;0
;;59;Toussaint, C.A.;0;0;0;0;0;0;0
;;60;Simons, I.A.W.;1;1;0;0;0;0;0
;;61;Jansen, J.F.;0;0;0;0;0;0;0
;;62;van Berlo, J.T.M.;0;0;0;0;0;0;0
;;63;van den Beld, A.J.;0;0;0;0;0;0;0
;;64;Voogt, M.J.A.;0;0;0;0;0;0;0
;;65;Zagers, R.J.C.;0;0;0;0;0;0;0
;;66;Gadella, J.A.N.;0;0;0;0;0;0;0
;;67;de Visser, N.J.G.;0;0;0;0;0;0;0
;;68;Altenburg-Collin, E.M.M.P.;0;0;0;0;0;0;0
;;69;de Kruijf, D.G.;0;0;0;0;0;0;0
;;70;van Dalen, M.G.;0;0;0;0;0;0;0
;;71;Vliegen, S.M.J.A.J.;2;1;0;0;0;1;0
;;72;van Eendenburg, J.M.;0;0;0;0;0;0;0
;;73;van Dijk, K.;0;0;0;0;0;0;0
;;74;Vleij, F.;0;0;0;0;0;0;0
;;75;van den Hoogenband, P.P.;0;0;0;0;0;0;0
;;76;Aardoom, J.Y.;0;0;0;0;0;0;0
;;77;Verheij, J.W.;0;0;0;0;0;0;0
;;78;Amani-Ayan, K.;0;0;0;0;0;0;0
;;79;van Santen, N.;0;0;0;0;0;0;0
;;80;Rijmers, C.H.M.;0;0;0;0;0;0;0
4;Nieuw Sociaal Contract (NSC);;;28;7;2;2;7;10;0
;;1;van Hijum, Y.J.;6;3;0;0;0;3;0
;;2;Uitermark, J.J.M.;5;1;0;1;2;1;0
;;3;Welzijn, R.M.;1;0;0;0;0;1;0
;;4;van Oostenbruggen, T.;0;0;0;0;0;0;0
;;5;Wingelaar, N.T.P.;8;3;2;0;2;1;0
;;6;Saris, I.G.;0;0;0;0;0;0;0
;;7;van Dalen, J.A.;0;0;0;0;0;0;0
;;8;Bruyning, F.H.;0;0;0;0;0;0;0
;;9;Beukema, T.P.;0;0;0;0;0;0;0
;;10;Geleijnse, S.;0;0;0;0;0;0;0
;;11;Koops, W.J.;0;0;0;0;0;0;0
;;12;Verouden, V.C.H.M.;0;0;0;0;0;0;0
;;13;Kouwenhoven, A.J.;0;0;0;0;0;0;0
;;14;Wessels, R.;1;0;0;0;0;1;0
;;15;Vredenburg, J.P.;0;0;0;0;0;0;0
;;16;van der Meulen, J.A.J.;0;0;0;0;0;0;0
;;17;de Korte - Verhoef, M.C.;0;0;0;0;0;0;0
;;18;van der Duim, R.D.;0;0;0;0;0;0;0
;;19;Louwerens-Huys, M.S.N.;0;0;0;0;0;0;0
;;20;Mauer, Q.;0;0;0;0;0;0;0
;;21;Mol, I.;1;0;0;0;1;0;0
;;22;Goorhuis, P.H.J.;1;0;0;0;1;0;0
;;23;IJkema, K.R.;0;0;0;0;0;0;0
;;24;Bootsma, L.;0;0;0;0;0;0;0
;;25;Meijvogel-Volk, S.T.;0;0;0;0;0;0;0
;;26;Hermse, K.;0;0;0;0;0;0;0
;;27;Steijling, W.A.H.;0;0;0;0;0;0;0
;;28;Roelofs, J.;4;0;0;1;0;3;0
;;29;van Ginneken, J.C.A.;0;0;0;0;0;0;0
;;30;Gotink, H.G.P.;0;0;0;0;0;0;0
;;31;Jonkman, T.H.;0;0;0;0;0;0;0
;;32;Kersten, H.J.;1;0;0;0;1;0;0
5;D66;;;701;250;77;89;141;140;4
;;1;Jetten, R.A.A.;533;180;56;69;112;113;3
;;2;Paternotte, J.M.;9;4;0;2;3;0;0
;;3;Vijlbrief, J.A.;14;4;2;2;6;0;0
;;4;Podt, A.;39;18;7;4;0;9;1
;;5;Sneller, J.C.;3;0;2;0;1;0;0
;;6;van Berkel, N.;9;5;1;1;2;0;0
;;7;Paulusma, W.;8;1;2;1;0;4;0
;;8;Belhirch, F.;3;1;0;0;2;0;0
;;9;van der Werf, J.J.;11;3;1;1;2;4;0
;;10;Bamenga, P.;0;0;0;0;0;0;0
;;11;Klos, F.C.O.;0;0;0;0;0;0;0
;;12;Synhaeve, M.;7;1;0;1;3;2;0
;;13;Rooderkerk, I.;4;2;0;0;1;1;0
;;14;van Asten, R.J.;0;0;0;0;0;0;0
;;15;Oualhadj, A.;0;0;0;0;0;0;0
;;16;Biekman, A.N.;3;0;2;1;0;0;0
;;17;Huizenga, R.A.;0;0;0;0;0;0;0
;;18;Dijk, H.L.O.;0;0;0;0;0;0;0
;;19;El Boujdaini, S.;5;4;0;0;0;1;0
;;20;Oosterhuis, H.;1;0;0;0;1;0;0
;;21;Schoonis, J.;0;0;0;0;0;0;0
;;22;Castelein, K.D.J.;0;0;0;0;0;0;0
;;23;Neijenhuis, S.J.;0;0;0;0;0;0;0
;;24;Köse, U.I.;0;0;0;0;0;0;0
;;25;Vervuurt, M.;18;8;1;3;3;3;0
;;26;Huidekooper, D.J.;0;0;0;0;0;0;0
;;27;Vellinga-Beemsterboer, M.C.A.;4;1;1;1;0;1;0
;;28;van Leijen, R.M.;0;0;0;0;0;0;0
;;29;Jagtenberg, M.H.;2;1;0;0;1;0;0
;;30;Mathlouti, M.;1;0;0;0;1;0;0
;;31;van Damme, L.;1;1;0;0;0;0;0
;;32;Stifanos, Y.T.P.;0;0;0;0;0;0;0
;;33;Hoekstra, M.L.;0;0;0;0;0;0;0
;;34;Borm, H.J.J.;1;0;1;0;0;0;0
;;35;Smulders, E.;1;0;0;1;0;0;0
;;36;Barkey Wolf, E.F.H.;0;0;0;0;0;0;0
;;37;Ghering, O.W.;0;0;0;0;0;0;0
;;38;Woudstra, E.;0;0;0;0;0;0;0
;;39;Bonten, B.;15;8;1;1;3;2;0
;;40;Derks, M.;0;0;0;0;0;0;0
;;41;Regtuijt, S.M.;0;0;0;0;0;0;0
;;42;Senden, Y.W.E.;0;0;0;0;0;0;0
;;43;Pander, J.T.;0;0;0;0;0;0;0
;;44;Berends, T.;0;0;0;0;0;0;0
;;45;Maessen, R.J.M.;2;1;0;1;0;0;0
;;46;Gräper-van Koolwijk, F.Q.;1;1;0;0;0;0;0
;;47;Dijkstra, P.A.;0;0;0;0;0;0;0
;;48;Ollongren, K.H.;0;0;0;0;0;0;0
;;49;Dijkgraaf, R.H.;2;2;0;0;0;0;0
;;50;Phlippen, S.M.W.;4;4;0;0;0;0;0
6;BBB;;;246;71;24;33;51;61;6
;;1;van der Plas, C.A.M.;75;22;8;13;16;14;2
;;2;Keijzer, M.C.G.;51;11;4;7;12;15;2
;;3;Vermeer, H.;0;0;0;0;0;0;0
;;4;Wiersma, F.M.;7;1;2;3;0;1;0
;;5;van Zanten, C.R.;1;0;0;1;0;0;0
;;6;Tuinman, G.P.;1;1;0;0;0;0;0
;;7;Wijen-Nass, M.J.M.H.;108;35;10;8;22;31;2
;;8;Joseph, A.S.;2;0;0;1;1;0;0
;;9;Oostenbrink, M.;0;0;0;0;0;0;0
;;10;Hendriks, A.J.;0;0;0;0;0;0;0
;;11;Govaert, C.A.H.M.;0;0;0;0;0;0;0
;;12;Tieman, R.;0;0;0;0;0;0;0
;;13;Rummenie, J.F.;0;0;0;0;0;0;0
;;14;van Marum, E.;0;0;0;0;0;0;0
;;15;Wiegmans- de Winter, D.;0;0;0;0;0;0;0
;;16;Karsbergen, K.G.;0;0;0;0;0;0;0
;;17;den Hertog, E.W.J.;0;0;0;0;0;0;0
;;18;de Ridder, R.J.G.;0;0;0;0;0;0;0
;;19;Hankers, H.F.;0;0;0;0;0;0;0
;;20;Sprik, H.C.;0;0;0;0;0;0;0
;;21;Morsink, A.J.;0;0;0;0;0;0;0
;;22;van Veen-van den Berg, A.;1;1;0;0;0;0;0
;;23;Meeldijk, C.W.;0;0;0;0;0;0;0
;;24;Pabon, M.;0;0;0;0;0;0;0
;;25;Buis, D.G.J.;0;0;0;0;0;0;0
;;26;de Groot, J.M.;0;0;0;0;0;0;0
;;27;Olthof, J.F.;0;0;0;0;0;0;0
;;28;Huijbens, N.A.;0;0;0;0;0;0;0
;;29;Brouwer, K.W.P.;0;0;0;0;0;0;0
;;30;Stienstra, F.J.;0;0;0;0;0;0;0
;;31;Berg, B.;0;0;0;0;0;0;0
;;32;Meijroos, W.M.S.;0;0;0;0;0;0;0
;;33;Dekker, J.H.;0;0;0;0;0;0;0
;;34;Flipsen-Verhagen, M.C.C.;0;0;0;0;0;0;0
;;35;Zeitsen, T.V.C.;0;0;0;0;0;0;0
;;36;Vrugt, J.A.;0;0;0;0;0;0;0
;;37;Lagas, I.M.;0;0;0;0;0;0;0
;;38;van de Ven, M.J.H.;0;0;0;0;0;0;0
;;39;Zoet, H.R.;0;0;0;0;0;0;0
;;40;Schoolmeesters, A.M.A.;0;0;0;0;0;0;0
;;41;Lievense, R.;0;0;0;0;0;0;0
;;42;Schuiling, H.;0;0;0;0;0;0;0
;;43;Hoving, K.K.T.;0;0;0;0;0;0;0
;;44;Adolfs, N.F.;0;0;0;0;0;0;0
;;45;de Sain, G.M.;0;0;0;0;0;0;0
;;46;Kooistra, A.W.;0;0;0;0;0;0;0
;;47;Beemsterboer, J.C.J.;0;0;0;0;0;0;0
;;48;Koks, N.;0;0;0;0;0;0;0
;;49;Lodders, W.J.H.;0;0;0;0;0;0;0
;;50;Pouw-Verweij, N.J.F.;0;0;0;0;0;0;0
7;CDA;;;925;328;81;132;174;195;15
;;1;Bontenbal, H.;687;243;61;94;123;154;12
;;2;Steen, H.S.;12;7;1;2;0;2;0
;;3;Boswijk, D.G.;1;1;0;0;0;0;0
;;4;van Dijk, I.;10;3;0;4;2;1;0
;;5;Krul, H.M.;0;0;0;0;0;0;0
;;6;Straatman, J.C.G.;2;0;0;0;1;1;0
;;7;van den Brink, G.;2;0;0;0;1;1;0
;;8;Buhler, J.G.L.M.;190;67;16;29;42;33;3
;;9;Jumelet, H.G.;0;0;0;0;0;0;0
;;10;van Ark, A.F.J.;1;0;0;0;1;0;0
;;11;van den Brink, T.A.;0;0;0;0;0;0;0
;;12;Zwinkels, J.M.;0;0;0;0;0;0;0
;;13;van Lanschot, M.R.H.;2;1;0;0;0;1;0
;;14;Boelsma-Hoekstra, L.;0;0;0;0;0;0;0
;;15;Koorevaar, J.C.;0;0;0;0;0;0;0
;;16;Tijmstra, E.S.;1;0;0;1;0;0;0
;;17;Hamstra, S.;1;1;0;0;0;0;0
;;18;Armut, E.;0;0;0;0;0;0;0
;;19;Poortman, A.;0;0;0;0;0;0;0
;;20;Lohman, J.B.;0;0;0;0;0;0;0
;;21;van den Berg, J.H.C.;0;0;0;0;0;0;0
;;22;Hanegraaff, M.C.;8;2;3;1;1;1;0
;;23;Klein, K.P.;0;0;0;0;0;0;0
;;24;van der Spek, A.M.;1;0;0;0;0;1;0
;;25;Tolkamp, A.J.H.;0;0;0;0;0;0;0
;;26;Hawezy, H.;0;0;0;0;0;0;0
;;27;de Hoon, A.J.M.;0;0;0;0;0;0;0
;;28;de Vries, J.N.;0;0;0;0;0;0;0
;;29;Mastenbroek, S.M.;1;1;0;0;0;0;0
;;30;Heijnen, E.J.;1;1;0;0;0;0;0
;;31;Boonstra, J.T.;0;0;0;0;0;0;0
;;32;van Brakel, C.E.P.;1;0;0;0;1;0;0
;;33;Noort, I.B.;0;0;0;0;0;0;0
;;34;Wijnsma, S.;0;0;0;0;0;0;0
;;35;Vliegenthart-Goedhart, D.G.C.;0;0;0;0;0;0;0
;;36;Bracke, D.G.A.J.;0;0;0;0;0;0;0
;;37;Tuncer, Y.;0;0;0;0;0;0;0
;;38;Vrugt, R.;0;0;0;0;0;0;0
;;39;van Die, S.;0;0;0;0;0;0;0
;;40;Buijs, P.M.;0;0;0;0;0;0;0
;;41;Silos, J.J.;0;0;0;0;0;0;0
;;42;Drenth, E.;0;0;0;0;0;0;0
;;43;Boogaard, P.;0;0;0;0;0;0;0
;;44;van der Mik, E.;0;0;0;0;0;0;0
;;45;Schokker, H.G.;0;0;0;0;0;0;0
;;46;Wever, W.A.;1;0;0;0;1;0;0
;;47;Sips, S.M.P.;0;0;0;0;0;0;0
;;48;van Dijk-Wijmenga, L.S.;0;0;0;0;0;0;0
;;49;Rossen, G.L.;0;0;0;0;0;0;0
;;50;Sedoc, G.H.;3;1;0;1;1;0;0
8;SP (Socialistische Partij);;;114;26;23;11;26;27;1
;;1;Dijk, J.P.;73;13;19;8;14;19;0
;;2;Beckerman, S.M.;10;2;0;0;6;2;0
;;3;Dobbe, S.E.M.;4;2;1;0;0;1;0
;;4;Meijer, B.W.V.;0;0;0;0;0;0;0
;;5;Hondmann, M.M.;1;1;0;0;0;0;0
;;6;Elfrink, G.E.;0;0;0;0;0;0;0
;;7;van den Hout, S.G.;1;1;0;0;0;0;0
;;8;Biharie, S.;3;0;1;0;1;0;1
;;9;Blom, S.;15;5;2;2;3;3;0
;;10;Kuin, R.M.;1;0;0;1;0;0;0
;;11;Vossenberg, L.J.A.M.;0;0;0;0;0;0;0
;;12;Cramer, A.;0;0;0;0;0;0;0
;;13;Witsenburg, A.;0;0;0;0;0;0;0
;;14;Wever, E.N.;0;0;0;0;0;0;0
;;15;ten Broeke, M.J.;0;0;0;0;0;0;0
;;16;van Halm, T.;0;0;0;0;0;0;0
;;17;Peltenburg, S.L.M.J.;0;0;0;0;0;0;0
;;18;van Rossum, L.;0;0;0;0;0;0;0
;;19;Boer, M.I.;0;0;0;0;0;0;0
;;20;Eaisaouiyen, M.;0;0;0;0;0;0;0
;;21;van der Sluis, J.H.A.;0;0;0;0;0;0;0
;;22;Drost, S.N.;0;0;0;0;0;0;0
;;23;Schwarz, S.;0;0;0;0;0;0;0
;;24;Merks, R.C.M.;1;1;0;0;0;0;0
;;25;van Winden, M.W.J.;0;0;0;0;0;0;0
;;26;Verdaasdonk, I.;0;0;0;0;0;0;0
;;27;Harris, D.C.;0;0;0;0;0;0;0
;;28;Smith, D.J.M.;0;0;0;0;0;0;0
;;29;Kuitert, E.E.;0;0;0;0;0;0;0
;;30;Goede, J.F.;0;0;0;0;0;0;0
;;31;Schapendonk, E.M.;1;0;0;0;0;1;0
;;32;Topma, X.M.;0;0;0;0;0;0;0
;;33;Wolters Gregorio, J.;0;0;0;0;0;0;0
;;34;Moriarty Linthorst, A.P.;4;1;0;0;2;1;0
;;35;Delsen, A.A.;0;0;0;0;0;0;0
;;36;Başoğlu, E.;0;0;0;0;0;0;0
;;37;de Kleijn, R.C.;0;0;0;0;0;0;0
;;38;Mineur, A.C.;0;0;0;0;0;0;0
;;39;Wieken, Y.;0;0;0;0;0;0;0
;;40;Singh, J.;0;0;0;0;0;0;0
;;41;van Eck, J.J.A.W.;0;0;0;0;0;0;0
;;42;Zandvliet-Oldenkamp, L.;0;0;0;0;0;0;0
;;43;Hoogervorst, W.;0;0;0;0;0;0;0
;;44;van de Kolk, I.A.H.;0;0;0;0;0;0;0
;;45;Smit, T.;0;0;0;0;0;0;0
;;46;Flentge, E.A.;0;0;0;0;0;0;0
;;47;Bos, R.F.A.;0;0;0;0;0;0;0
;;48;Coşkun, T.S.J.;0;0;0;0;0;0;0
;;49;Alberts-Oosterbaan, R.;0;0;0;0;0;0;0
;;50;Poppe, R.J.L.;0;0;0;0;0;0;0
9;DENK;;;16;3;1;4;7;0;1
;;1;van Baarle, S.R.T.;12;3;1;4;3;0;1
;;2;Ergin, D.A.;0;0;0;0;0;0;0
;;3;El Abassi, I.;0;0;0;0;0;0;0
;;4;Esen, E.;0;0;0;0;0;0;0
;;5;Abaâziz, N.;0;0;0;0;0;0;0
;;6;Icar, N.;0;0;0;0;0;0;0
;;7;Rehim Zadeh, E.;0;0;0;0;0;0;0
;;8;Ghazi, M.I.;0;0;0;0;0;0;0
;;9;Alieva, S.V.;0;0;0;0;0;0;0
;;10;Hellings, O.R.;0;0;0;0;0;0;0
;;11;Tekin, A.;0;0;0;0;0;0;0
;;12;Kaya, A.;0;0;0;0;0;0;0
;;13;Kuzey, Ş.;0;0;0;0;0;0;0
;;14;Özcan, R.;0;0;0;0;0;0;0
;;15;Tap, T.A.;0;0;0;0;0;0;0
;;16;Manhoef, E.E.;0;0;0;0;0;0;0
;;17;Khan, S.Y.;0;0;0;0;0;0;0
;;18;Kondu, F.;0;0;0;0;0;0;0
;;19;Kuipers, S.;0;0;0;0;0;0;0
;;20;Ağirbaş, A.;0;0;0;0;0;0;0
;;21;Heybeli, M.;0;0;0;0;0;0;0
;;22;Mahmood, A.A.;0;0;0;0;0;0;0
;;23;Sakim, M.;0;0;0;0;0;0;0
;;24;Abdoelrahman, M.I.H.;4;0;0;0;4;0;0
;;25;Al Mansoury, E.;0;0;0;0;0;0;0
;;26;Amraoui, A.;0;0;0;0;0;0;0
;;27;Agha, R.;0;0;0;0;0;0;0
;;28;Bal, M.I.;0;0;0;0;0;0;0
;;29;Abubaker, Z.;0;0;0;0;0;0;0
;;30;Aydin, B.K.;0;0;0;0;0;0;0
;;31;Aboelkasem, E.;0;0;0;0;0;0;0
;;32;Ayverdi, M.E.;0;0;0;0;0;0;0
;;33;Neshan, L.;0;0;0;0;0;0;0
;;34;Gökmen, G.;0;0;0;0;0;0;0
;;35;El Majjaoui, M.;0;0;0;0;0;0;0
;;36;Fkihi, O.;0;0;0;0;0;0;0
;;37;Ünal, H.;0;0;0;0;0;0;0
;;38;Akhatab, N.;0;0;0;0;0;0;0
;;39;Özçelik, S.;0;0;0;0;0;0;0
;;40;Bayrakci, Y.C.;0;0;0;0;0;0;0
;;41;Kocabiyik, M.;0;0;0;0;0;0;0
;;42;El Ghaddari, A.;0;0;0;0;0;0;0
;;43;Çelik, B.;0;0;0;0;0;0;0
;;44;Tacirlioğlu, B.;0;0;0;0;0;0;0
;;45;Yacoubi, A.;0;0;0;0;0;0;0
;;46;Şahin, E.;0;0;0;0;0;0;0
;;47;Moussane, J.;0;0;0;0;0;0;0
;;48;Dağdelen, Y.;0;0;0;0;0;0;0
;;49;Bülbül, T.;0;0;0;0;0;0;0
;;50;Achbar, F.;0;0;0;0;0;0;0
10;Partij voor de Dieren;;;55;18;6;4;15;11;1
;;1;Ouwehand, E.;43;15;6;2;10;9;1
;;2;Kostić, I.;2;1;0;0;1;0;0
;;3;Teunissen, C.;1;0;0;0;1;0;0
;;4;van Hassel, F.;0;0;0;0;0;0;0
;;5;Mathijsen, D.D.;2;0;0;1;0;1;0
;;6;van Wijlandt, K.;1;0;0;0;1;0;0
;;7;Krijger, A.L.;1;1;0;0;0;0;0
;;8;van Schaik-Gerritsen, M.;0;0;0;0;0;0;0
;;9;Stoffels, W.E.R.;0;0;0;0;0;0;0
;;10;Coşkun, Z.P.;0;0;0;0;0;0;0
;;11;Travaille, A.;0;0;0;0;0;0;0
;;12;Bersch, F.;0;0;0;0;0;0;0
;;13;van Langen, R.J.;0;0;0;0;0;0;0
;;14;Groenewege, P.J.L.;0;0;0;0;0;0;0
;;15;Muller, M.;0;0;0;0;0;0;0
;;16;Barker, R.N.;0;0;0;0;0;0;0
;;17;Butterman, O.S.;0;0;0;0;0;0;0
;;18;Zandwijken, Y.X.;0;0;0;0;0;0;0
;;19;Huitema, J.;0;0;0;0;0;0;0
;;20;Pallandt, C.M.J.;0;0;0;0;0;0;0
;;21;Pieterson, S.;0;0;0;0;0;0;0
;;22;Karadarević, A.;1;0;0;1;0;0;0
;;23;van Lubek, N.M.;0;0;0;0;0;0;0
;;24;van den Broek, J.M.;0;0;0;0;0;0;0
;;25;van de Weerd, D.M.;0;0;0;0;0;0;0
;;26;Markandu, G.;1;0;0;0;0;1;0
;;27;Scheijde, E.F.;0;0;0;0;0;0;0
;;28;Lauret, E.A.H.;0;0;0;0;0;0;0
;;29;Vlasveld, A.I.;0;0;0;0;0;0;0
;;30;van Mondfrans, N.;0;0;0;0;0;0;0
;;31;Madani, S.N.;0;0;0;0;0;0;0
;;32;Wijnans, P.;0;0;0;0;0;0;0
;;33;Wong, Y.;0;0;0;0;0;0;0
;;34;van Lierop, J.;0;0;0;0;0;0;0
;;35;Groters, R.A.;0;0;0;0;0;0;0
;;36;Woudstra, A.J.;0;0;0;0;0;0;0
;;37;Nasroen, V.P.;0;0;0;0;0;0;0
;;38;van Loo, J.M.;0;0;0;0;0;0;0
;;39;van der Toorn, T.;0;0;0;0;0;0;0
;;40;Lammers, J.;0;0;0;0;0;0;0
;;41;Lievense, P.J.;0;0;0;0;0;0;0
;;42;Eroğlu, C.;0;0;0;0;0;0;0
;;43;Voskamp, A.T.;0;0;0;0;0;0;0
;;44;Jonkers, G.V.A.A.D.;0;0;0;0;0;0;0
;;45;Schotveld, J.M.;0;0;0;0;0;0;0
;;46;Luijendijk, J.;0;0;0;0;0;0;0
;;47;van Esch, E.M.;0;0;0;0;0;0;0
;;48;Wassenberg, F.P.;1;1;0;0;0;0;0
;;49;Strik, M.C.G.;2;0;0;0;2;0;0
;;50;van Coeverden, E.M.;0;0;0;0;0;0;0
11;Forum voor Democratie;;;345;114;44;45;63;76;3
;;1;de Vos, L.G.;315;103;39;43;57;70;3
;;2;Baudet, T.H.P.;22;9;4;1;4;4;0
;;3;van Meijeren, G.F.C.;5;1;0;1;1;2;0
;;4;Jansen, F.J.H.;0;0;0;0;0;0;0
;;5;Dekker, R.J.;0;0;0;0;0;0;0
;;6;van Houwelingen, P.;1;0;1;0;0;0;0
;;7;van Duijvenvoorde, P.;0;0;0;0;0;0;0
;;8;Russcher, T.K.;0;0;0;0;0;0;0
;;9;Etalle, M.J.S.;0;0;0;0;0;0;0
;;10;Schenk, M.;0;0;0;0;0;0;0
;;11;Al Biyati, I.;0;0;0;0;0;0;0
;;12;Bakir, A.;0;0;0;0;0;0;0
;;13;van Asch, R.W.G.T.;0;0;0;0;0;0;0
;;14;Knoester, N.A.;0;0;0;0;0;0;0
;;15;Koopman, P.;0;0;0;0;0;0;0
;;16;Antolini, B.M.;0;0;0;0;0;0;0
;;17;Hendriksen-Mauriks, E.R.M.;0;0;0;0;0;0;0
;;18;Hadderingh, B.S.T.;0;0;0;0;0;0;0
;;19;Panis, T.;0;0;0;0;0;0;0
;;20;Vos, A.V.B.;0;0;0;0;0;0;0
;;21;El Masoudi, F.;0;0;0;0;0;0;0
;;22;van den Boomgaard, M.R.;0;0;0;0;0;0;0
;;23;Akkermans-Linssen, M.W.J.;0;0;0;0;0;0;0
;;24;de Clippelaar, L.;0;0;0;0;0;0;0
;;25;Hartman, M.;0;0;0;0;0;0;0
;;26;Wittebrood, J.C.;0;0;0;0;0;0;0
;;27;van der Voort, J.A.;0;0;0;0;0;0;0
;;28;Vermaas, P.C.;0;0;0;0;0;0;0
;;29;de Graaff, Y.W.;1;0;0;0;1;0;0
;;30;de Lange, M.;0;0;0;0;0;0;0
;;31;Burgemeester, K.;0;0;0;0;0;0;0
;;32;Spoek-van Dinther, P.;0;0;0;0;0;0;0
;;33;van Haarlem, C.R.O.;0;0;0;0;0;0;0
;;34;Boom-Bekkers, Y.J.A.M.;1;1;0;0;0;0;0
;;35;Middelkoop, M.C.;0;0;0;0;0;0;0
;;36;Postuma, J.V.;0;0;0;0;0;0;0
;;37;de Heer, E.;0;0;0;0;0;0;0
;;38;Roelofs, R.H.J.;0;0;0;0;0;0;0
;;39;Heller, T.H.G.;0;0;0;0;0;0;0
;;40;Wouda, T.T.C.;0;0;0;0;0;0;0
;;41;Verstegen, P.J.T.;0;0;0;0;0;0;0
;;42;Dessing, J.;0;0;0;0;0;0;0
;;43;de Graaf, M.;0;0;0;0;0;0;0
;;44;Meijdam, C.T.;0;0;0;0;0;0;0
;;45;van Rijswijk, P.;0;0;0;0;0;0;0
;;46;van de Breevaart, J.O.;0;0;0;0;0;0;0
;;47;Filippini, L.T.C.;0;0;0;0;0;0;0
;;48;van Schijndel, A.H.J.W.;0;0;0;0;0;0;0
;;49;Alberts, L.Y.;0;0;0;0;0;0;0
;;50;van den Oetelaar, J.C.M.;0;0;0;0;0;0;0
12;Staatkundig Gereformeerde Partij (SGP);;;6;2;2;0;0;2;0
;;1;Stoffer, C.;5;1;2;0;0;2;0
;;2;van Dijk, D.J.H.;0;0;0;0;0;0;0
;;3;Flach, A.J.;0;0;0;0;0;0;0
;;4;Middelkoop, P.N.;0;0;0;0;0;0;0
;;5;Vroegindeweij, W.J.;0;0;0;0;0;0;0
;;6;van der Maas, A.J.;0;0;0;0;0;0;0
;;7;van der Wind, H.J.;0;0;0;0;0;0;0
;;8;Both, D.D.;0;0;0;0;0;0;0
;;9;Kloosterman, J.;0;0;0;0;0;0;0
;;10;Roodnat, T.J.;0;0;0;0;0;0;0
;;11;van der Wulp, A.D.;0;0;0;0;0;0;0
;;12;Polinder, H.J.;0;0;0;0;0;0;0
;;13;Slingerland, M.;0;0;0;0;0;0;0
;;14;van Duijn, W.J.;0;0;0;0;0;0;0
;;15;Barth, L.G.I.;1;1;0;0;0;0;0
;;16;Lukasse, J.;0;0;0;0;0;0;0
;;17;Tanis, J.P.;0;0;0;0;0;0;0
;;18;Bosma, E.G.;0;0;0;0;0;0;0
;;19;Schipaanboord, G.P.;0;0;0;0;0;0;0
;;20;Versteeg, A.;0;0;0;0;0;0;0
;;21;Hartog, J.;0;0;0;0;0;0;0
;;22;Koekoek, J.T.;0;0;0;0;0;0;0
;;23;de Knegt, L.;0;0;0;0;0;0;0
;;24;van Leeuwen, G.R.;0;0;0;0;0;0;0
;;25;de Boer, B.;0;0;0;0;0;0;0
;;26;Kok, W.H.;0;0;0;0;0;0;0
;;27;Kuijers, J.;0;0;0;0;0;0;0
;;28;van Zelst, H.J.;0;0;0;0;0;0;0
;;29;Bource, R.J.C.;0;0;0;0;0;0;0
;;30;Talen, L.;0;0;0;0;0;0;0
;;31;Baijense, J.;0;0;0;0;0;0;0
;;32;Bulten, H.G.;0;0;0;0;0;0;0
;;33;Top, J.;0;0;0;0;0;0;0
;;34;Kisteman, L.;0;0;0;0;0;0;0
;;35;van Bruchem, L.;0;0;0;0;0;0;0
;;36;van den Dikkenberg, L.C.;0;0;0;0;0;0;0
;;37;Herweijer, H.;0;0;0;0;0;0;0
;;38;van Laar, G.J.;0;0;0;0;0;0;0
;;39;Scheppink, A.J.;0;0;0;0;0;0;0
;;40;van Heteren, R.;0;0;0;0;0;0;0
;;41;van den Belt, B.;0;0;0;0;0;0;0
;;42;van Iwaarden, D.;0;0;0;0;0;0;0
;;43;Heinen, J.B.;0;0;0;0;0;0;0
;;44;Verdoes, W.J.;0;0;0;0;0;0;0
;;45;Lock, J.;0;0;0;0;0;0;0
;;46;van Burg, J.J.;0;0;0;0;0;0;0
;;47;Vermaat, C.T.;0;0;0;0;0;0;0
;;48;van Tuijl, L.O.;0;0;0;0;0;0;0
;;49;van Hoef, G.A.J.;0;0;0;0;0;0;0
;;50;Pronk, F.G.;0;0;0;0;0;0;0
13;ChristenUnie;;;19;5;1;6;7;0;0
;;1;Bikker, M.H.;15;4;1;4;6;0;0
;;2;Grinwis, P.A.;1;1;0;0;0;0;0
;;3;Ceder, D.G.M.;0;0;0;0;0;0;0
;;4;te Rietstap, A.H.;0;0;0;0;0;0;0
;;5;Gooijer-Medema, J.K.;0;0;0;0;0;0;0
;;6;Drost, N.;0;0;0;0;0;0;0
;;7;Niesink, C.C.M.;0;0;0;0;0;0;0
;;8;de Reus, W.T.;0;0;0;0;0;0;0
;;9;Otter-van den Bosch, C.;0;0;0;0;0;0;0
;;10;Holtman, T.S.;0;0;0;0;0;0;0
;;11;Jongman-Mollema, I.M.;0;0;0;0;0;0;0
;;12;van Ooijen, M.;0;0;0;0;0;0;0
;;13;Vedder, H.;0;0;0;0;0;0;0
;;14;van der Krift, H.J.C.;0;0;0;0;0;0;0
;;15;Westerink-Petersen, J.;0;0;0;0;0;0;0
;;16;Egger-van Oppen, H.C.;0;0;0;0;0;0;0
;;17;Jonkheer-Vos, R.;0;0;0;0;0;0;0
;;18;Mbwete, N.A.G.;0;0;0;0;0;0;0
;;19;Vlieg-Kempe, H.A.;0;0;0;0;0;0;0
;;20;Treurniet, M.;0;0;0;0;0;0;0
;;21;Treurniet-Klapwijk, W.A.;0;0;0;0;0;0;0
;;22;Elskamp-Hofstede, J.M.;0;0;0;0;0;0;0
;;23;de Heer, R.P.;0;0;0;0;0;0;0
;;24;Cecilia, H.E.;0;0;0;0;0;0;0
;;25;Pasterkamp, A.;0;0;0;0;0;0;0
;;26;van der Mooren, F.C.T.;1;0;0;1;0;0;0
;;27;van de Belt, R.A.;0;0;0;0;0;0;0
;;28;Nede, N.N.;0;0;0;0;0;0;0
;;29;de Boer, A.P.;0;0;0;0;0;0;0
;;30;Voskamp, W.P.;0;0;0;0;0;0;0
;;31;van Hoorn, J.;0;0;0;0;0;0;0
;;32;de Vries, M.A.C.;0;0;0;0;0;0;0
;;33;Broekmaat-Hagens, A.W.;0;0;0;0;0;0;0
;;34;Quarshie, S.A.C.;0;0;0;0;0;0;0
;;35;Koning, G.M.;0;0;0;0;0;0;0
;;36;Bosma, E.;0;0;0;0;0;0;0
;;37;Stoop, G.A.;0;0;0;0;0;0;0
;;38;Moes, T.;0;0;0;0;0;0;0
;;39;Hoefakker, D.S.;0;0;0;0;0;0;0
;;40;Westendorp, J.;0;0;0;0;0;0;0
;;41;van der Sluis, J.P.;0;0;0;0;0;0;0
;;42;La Rose, M.B.;0;0;0;0;0;0;0
;;43;Bronkhorst-van Poortvliet, E.J.M.;0;0;0;0;0;0;0
;;44;Scherrenburg, T.J.;0;0;0;0;0;0;0
;;45;Vercammen, M.A.;0;0;0;0;0;0;0
;;46;Troost, G.J.;1;0;0;1;0;0;0
;;47;Smelt, E.N.;0;0;0;0;0;0;0
;;48;Dekker, C.;0;0;0;0;0;0;0
;;49;ten Brinke, J.M.;0;0;0;0;0;0;0
;;50;de Graaf, B.A.;1;0;0;0;1;0;0
14;Volt;;;25;8;5;2;2;7;1
;;1;Dassen, L.A.J.M.;12;5;1;2;1;3;0
;;2;Koekkoek, M.;0;0;0;0;0;0;0
;;3;de Boer, R.W.;0;0;0;0;0;0;0
;;4;Ritzer, S.D.L.;0;0;0;0;0;0;0
;;5;Beijnon, B.;0;0;0;0;0;0;0
;;6;Harks, L.C.G.;1;0;1;0;0;0;0
;;7;Princen, J.G.;0;0;0;0;0;0;0
;;8;Vossen - van Beers, I.E.F.M.;0;0;0;0;0;0;0
;;9;Güngör, E.;0;0;0;0;0;0;0
;;10;Veltkamp, A.M.;1;1;0;0;0;0;0
;;11;Kemp, E.;0;0;0;0;0;0;0
;;12;Fikenscher, H.M.;0;0;0;0;0;0;0
;;13;Yska, R.W.;0;0;0;0;0;0;0
;;14;Blom, M.M.B.;0;0;0;0;0;0;0
;;15;van der Veer, G.A.;0;0;0;0;0;0;0
;;16;van den Ende, A.E.;0;0;0;0;0;0;0
;;17;Tai, M.T.;0;0;0;0;0;0;0
;;18;Nielsen, K.;0;0;0;0;0;0;0
;;19;van Mulkom, J.J.;0;0;0;0;0;0;0
;;20;Erens, J.P.G.;1;0;0;0;0;1;0
;;21;van den Ende, W.;0;0;0;0;0;0;0
;;22;van der Linden, J.;0;0;0;0;0;0;0
;;23;Nieuwenhuis, M.;0;0;0;0;0;0;0
;;24;Rasenberg, N.E.;2;0;2;0;0;0;0
;;25;Areago, T.L.A.;0;0;0;0;0;0;0
;;26;van der Linden, A.;0;0;0;0;0;0;0
;;27;Scherbeijn, L.;0;0;0;0;0;0;0
;;28;van Strien, L.;0;0;0;0;0;0;0
;;29;van Doesburg, A.J.J.;0;0;0;0;0;0;0
;;30;van Kampen, M.H.F.;0;0;0;0;0;0;0
;;31;Wennekes, S.W.;0;0;0;0;0;0;0
;;32;Eckelmans, L.A.E.;7;2;1;0;0;3;1
;;33;Meinsma, C.H.;0;0;0;0;0;0;0
;;34;Hamel, J.E.R.;0;0;0;0;0;0;0
;;35;Stokvis, D.C.;0;0;0;0;0;0;0
;;36;Westerman, A.P.T.;0;0;0;0;0;0;0
;;37;Buijs, Q.H.M.;0;0;0;0;0;0;0
;;38;van der Veldt, I.S.V.;0;0;0;0;0;0;0
;;39;Croes, M.;0;0;0;0;0;0;0
;;40;van der Veen, V.G.E.;0;0;0;0;0;0;0
;;41;Hagen, G.A.;0;0;0;0;0;0;0
;;42;van Engelen, A.A.;0;0;0;0;0;0;0
;;43;Klijnsma, B.P.;1;0;0;0;1;0;0
15;JA21;;;393;126;36;39;92;96;4
;;1;Eerdmans, B.J.;272;85;27;30;54;74;2
;;2;Nanninga, A.;25;7;2;3;8;5;0
;;3;Coenradie, I.;63;19;5;3;22;12;2
;;4;Hoogeveen, M.P.;0;0;0;0;0;0;0
;;5;Ceulemans, S.;0;0;0;0;0;0;0
;;6;Boomsma, D.T.;0;0;0;0;0;0;0
;;7;van den Berg, D.J.;2;2;0;0;0;0;0
;;8;Goudzwaard, M.;1;0;0;1;0;0;0
;;9;Clemminck, D.R.F.;0;0;0;0;0;0;0
;;10;van Elck, M.G.J.;0;0;0;0;0;0;0
;;11;Schyns, P.F.M.;12;5;1;0;4;2;0
;;12;Koster, G.F.E.;4;4;0;0;0;0;0
;;13;Hesselink, S.W.J.;0;0;0;0;0;0;0
;;14;Mantel, I.J.M.;0;0;0;0;0;0;0
;;15;Gordijn, C.;1;0;0;0;1;0;0
;;16;Jager, M.R.;1;1;0;0;0;0;0
;;17;van Scherpenzeel, F.A.;0;0;0;0;0;0;0
;;18;Dijksterhuis, R.G.;0;0;0;0;0;0;0
;;19;Nuijten, K.;0;0;0;0;0;0;0
;;20;van Vugt, T.;0;0;0;0;0;0;0
;;21;Baten, L.C.C.;0;0;0;0;0;0;0
;;22;van Ede, S.;1;1;0;0;0;0;0
;;23;Laurijssens, R.S.;0;0;0;0;0;0;0
;;24;Hoogerwerf, M.;0;0;0;0;0;0;0
;;25;de Bruin, R.;2;0;0;2;0;0;0
;;26;Determan, R.N.;0;0;0;0;0;0;0
;;27;de Bes, P.;0;0;0;0;0;0;0
;;28;Heijkoop, G.;0;0;0;0;0;0;0
;;29;Ramcharan, N.N.;0;0;0;0;0;0;0
;;30;van Zaalen, F.P.;1;1;0;0;0;0;0
;;31;Meyer, J.J.C.;0;0;0;0;0;0;0
;;32;Damen-Flobbe, M.M.;1;0;1;0;0;0;0
;;33;Roos, S.M.;0;0;0;0;0;0;0
;;34;Lens van Rijn, J.M.;0;0;0;0;0;0;0
;;35;Chung, P.;3;1;0;0;0;2;0
;;36;Kövi, J.J.H.M.;0;0;0;0;0;0;0
;;37;Uijens, M.;0;0;0;0;0;0;0
;;38;Hakim, N.;0;0;0;0;0;0;0
;;39;van Geest, A.M.;0;0;0;0;0;0;0
;;40;Drent, P.H.;0;0;0;0;0;0;0
;;41;Meere, I.P.;0;0;0;0;0;0;0
;;42;van den Berk, M.;0;0;0;0;0;0;0
;;43;Avdaljan, A.V.;1;0;0;0;0;1;0
;;44;Ernst, J.T.H.;2;0;0;0;2;0;0
;;45;Pastors, M.G.T.;1;0;0;0;1;0;0
;;46;Fortuijn, S.A.F.;0;0;0;0;0;0;0
16;Vrede voor Dieren;;;17;8;3;2;3;1;0
;;1;Plusquin, P.S.M.L.;13;6;3;2;1;1;0
;;2;van der Velden, R.T.J.;0;0;0;0;0;0;0
;;3;Burgers, A.;0;0;0;0;0;0;0
;;4;Engelen, E.R.;1;0;0;0;1;0;0
;;5;Voss, S.H.D.;0;0;0;0;0;0;0
;;6;Hanssen, A.M.W.M.;1;1;0;0;0;0;0
;;7;Huertas Mulckhuyse, R.R.A.;0;0;0;0;0;0;0
;;8;Klaassen, L.;0;0;0;0;0;0;0
;;9;van de Peppel, S.;0;0;0;0;0;0;0
;;10;Poutsma, A.;0;0;0;0;0;0;0
;;11;Broekman-Falcão Pereira Gomes, S.;0;0;0;0;0;0;0
;;12;Smits, M.W.;0;0;0;0;0;0;0
;;13;Wever, C.G.T.;0;0;0;0;0;0;0
;;14;Savelkouls, A.G.J.P.;0;0;0;0;0;0;0
;;15;Bleijenberg, M.W.A.;0;0;0;0;0;0;0
;;16;van Tergouw, K.O.;1;0;0;0;1;0;0
;;17;Stevens, H.;0;0;0;0;0;0;0
;;18;Kochen, J.J.M.;1;1;0;0;0;0;0
;;19;van der Waal, A.F.;0;0;0;0;0;0;0
;;20;van den Abeele, I.J.;0;0;0;0;0;0;0
;;21;Hagen, B.D.A.;0;0;0;0;0;0;0
;;22;Miedema, N.C.;0;0;0;0;0;0;0
;;23;Schouten, M.E.;0;0;0;0;0;0;0
;;24;Suurmeijer, J.J.;0;0;0;0;0;0;0
;;25;van Gelder, A.M.E.;0;0;0;0;0;0;0
;;26;Bok, J.W.;0;0;0;0;0;0;0
;;27;Koedam, J.J.M.;0;0;0;0;0;0;0
;;28;van den Elsen, T.P.;0;0;0;0;0;0;0
;;29;van de Laar, M.A.J.;0;0;0;0;0;0;0
;;30;Holtslag, R.;0;0;0;0;0;0;0
;;31;Baars, H.L.M.;0;0;0;0;0;0;0
;;32;Meuldijk, B.;0;0;0;0;0;0;0
;;33;Bouma, J.O.C.;0;0;0;0;0;0;0
17;Belang Van Nederland (BVNL);;;8;3;2;1;2;0;0
;;1;van Haga, W.R.;3;1;0;1;1;0;0
;;2;Rookmaker, D.;4;2;1;0;1;0;0
;;3;Beertema, H.J.;0;0;0;0;0;0;0
;;4;Schetters, T.P.M.;0;0;0;0;0;0;0
;;5;Dercksen, R.G.J.;1;0;1;0;0;0;0
;;6;van den Boomen, V.;0;0;0;0;0;0;0
;;7;Dales, G.D.;0;0;0;0;0;0;0
;;8;Flipse, A.E.;0;0;0;0;0;0;0
;;9;Manders, T.T.A.J.;0;0;0;0;0;0;0
;;10;van Schaik, H.C.;0;0;0;0;0;0;0
;;11;Versteeg, E.G.;0;0;0;0;0;0;0
;;12;Vulders, S.;0;0;0;0;0;0;0
;;13;Schilder, P.C.J.;0;0;0;0;0;0;0
;;14;Terhorst, M.E.;0;0;0;0;0;0;0
;;15;Bos, M.;0;0;0;0;0;0;0
;;16;Kosters, J.;0;0;0;0;0;0;0
;;17;Rolloos, M.A.;0;0;0;0;0;0;0
;;18;Verweij, D.W.;0;0;0;0;0;0;0
;;19;Mul, P.A.M.J.;0;0;0;0;0;0;0
;;20;Remijn, H.J.;0;0;0;0;0;0;0
;;21;Mensing, C.M.;0;0;0;0;0;0;0
;;22;van Erp, G.J.A.;0;0;0;0;0;0;0
;;23;Dienjes, C.S.;0;0;0;0;0;0;0
;;24;Keirouz, J.;0;0;0;0;0;0;0
;;25;Schuiling, A.;0;0;0;0;0;0;0
;;26;Rietman, Y.;0;0;0;0;0;0;0
;;27;Schnetkamp, F.F.;0;0;0;0;0;0;0
;;28;Toes, E.D.;0;0;0;0;0;0;0
;;29;Elferink, I.J.;0;0;0;0;0;0;0
;;30;Boomsma, J.J.;0;0;0;0;0;0;0
;;31;Jimenez, Y.R.;0;0;0;0;0;0;0
;;32;Siemons, J.C.;0;0;0;0;0;0;0
;;33;van Keeken, N.;0;0;0;0;0;0;0
;;34;Eggermont, P.J.;0;0;0;0;0;0;0
;;35;Freeke, C.J.;0;0;0;0;0;0;0
;;36;van Leeuwen, J.W.;0;0;0;0;0;0;0
;;37;Moes, D.;0;0;0;0;0;0;0
;;38;Verhoog, J.P.;0;0;0;0;0;0;0
;;39;Vos, J.J.;0;0;0;0;0;0;0
;;40;Villegas Henriquez, M.B.;0;0;0;0;0;0;0
;;41;Bohte, P.J.;0;0;0;0;0;0;0
;;42;Westphal, B.S.;0;0;0;0;0;0;0
;;43;van Dalen, E.H.;0;0;0;0;0;0;0
;;44;Huisman, W.D.;0;0;0;0;0;0;0
;;45;Qadiri, Y.;0;0;0;0;0;0;0
;;46;van den Bolsem, L.B.;0;0;0;0;0;0;0
;;47;Koeleman, R.P.;0;0;0;0;0;0;0
;;48;Yürekli, M.;0;0;0;0;0;0;0
;;49;Kicken, J.M.H.;0;0;0;0;0;0;0
;;50;van Aalst, R.R.;0;0;0;0;0;0;0
18;BIJ1;;;1;0;0;0;0;1;0
;;1;Dibi, T.;1;0;0;0;0;1;0
;;2;Tuininga, N.;0;0;0;0;0;0;0
;;3;Otte, T.;0;0;0;0;0;0;0
;;4;Sadhoe, P.C.Z.;0;0;0;0;0;0;0
;;5;van Campenhout, M.R.;0;0;0;0;0;0;0
;;6;Dalderop, M.B.;0;0;0;0;0;0;0
;;7;Oul Fakir, N.;0;0;0;0;0;0;0
;;8;Najand, S.;0;0;0;0;0;0;0
;;9;Nieuweboer, C.;0;0;0;0;0;0;0
;;10;Bijleveld, V.;0;0;0;0;0;0;0
;;11;Miango, N.;0;0;0;0;0;0;0
;;12;Beekmans, M.A.A.J.;0;0;0;0;0;0;0
;;13;Isaack, T.J.D.;0;0;0;0;0;0;0
;;14;Streutker, G.;0;0;0;0;0;0;0
;;15;Gal, Y.;0;0;0;0;0;0;0
;;16;Luhrs, Y.;0;0;0;0;0;0;0
;;17;Rijsdam, A.T.P.J.;0;0;0;0;0;0;0
;;18;Damian, A.R.;0;0;0;0;0;0;0
;;19;Geuzebroek, L.;0;0;0;0;0;0;0
;;20;Nolten, S.J.;0;0;0;0;0;0;0
;;21;Miskin, V.R.;0;0;0;0;0;0;0
;;22;Helberg, G.O.;0;0;0;0;0;0;0
19;LP (Libertaire Partij);;;5;0;1;2;1;1;0
;;1;van Lamoen, T.J.;3;0;0;2;1;0;0
;;2;Bais, H.;1;0;1;0;0;0;0
;;3;Brouwer, H.A.;0;0;0;0;0;0;0
;;4;Durlacher, F.;1;0;0;0;0;1;0
;;5;Winters, A.J.;0;0;0;0;0;0;0
;;6;van Beelen, E.;0;0;0;0;0;0;0
;;7;van der Helm, P.;0;0;0;0;0;0;0
;;8;Schoenmakers, R.C.;0;0;0;0;0;0;0
;;9;Honig, T.R.;0;0;0;0;0;0;0
;;10;Visser, P.R.;0;0;0;0;0;0;0
;;11;de Haan, M.C.;0;0;0;0;0;0;0
;;12;Meijer, T.D.J.;0;0;0;0;0;0;0
;;13;Backhuijs, W.Q.;0;0;0;0;0;0;0
;;14;van Dijk, R.K.J.J.;0;0;0;0;0;0;0
;;15;Hartkamp, P.L.;0;0;0;0;0;0;0
;;16;Van de Leest, A.T.;0;0;0;0;0;0;0
;;17;Crok, M.;0;0;0;0;0;0;0
20;50PLUS;;;127;43;13;19;21;27;4
;;1;Struijs, J.A.;76;23;7;16;11;16;3
;;2;van Brenk-van Barneveld, C.M.;3;2;0;1;0;0;0
;;3;Baay-Timmerman, M.H.H.;1;1;0;0;0;0;0
;;4;van Tilborg, H.C.A.M.;0;0;0;0;0;0;0
;;5;van Acquoij, R.H.;0;0;0;0;0;0;0
;;6;van den Heuvel, W.H.H.M.;1;0;0;0;0;1;0
;;7;Fischer, A.M.J.N.;39;15;5;1;8;9;1
;;8;van der Helm-Chandansingh, M.P.;1;1;0;0;0;0;0
;;9;van Straten, A.;0;0;0;0;0;0;0
;;10;van Est, A.M.B.;3;1;0;1;1;0;0
;;11;Leerkes, A.G.M.;0;0;0;0;0;0;0
;;12;Engel, J.;0;0;0;0;0;0;0
;;13;Brouwers, J.F.X.M.;0;0;0;0;0;0;0
;;14;van der Starre, J.J.;0;0;0;0;0;0;0
;;15;van Lierop-van Leuken, M.M.E.L.;1;0;0;0;1;0;0
;;16;Kasteleijn, H.M.;0;0;0;0;0;0;0
;;17;Hoek, W.M.M.;0;0;0;0;0;0;0
;;18;Hernández Martínez, A.;0;0;0;0;0;0;0
;;19;Veeze, C.E.;0;0;0;0;0;0;0
;;20;Nota, H.D.;1;0;0;0;0;1;0
;;21;de Vos, N.;0;0;0;0;0;0;0
;;22;van den Bogaard, J.T.M.;0;0;0;0;0;0;0
;;23;van Loon, J.C.A.;0;0;0;0;0;0;0
;;24;Donker, A.C.;0;0;0;0;0;0;0
;;25;van Ooijen, E.;0;0;0;0;0;0;0
;;26;Hamersma, K.;0;0;0;0;0;0;0
;;27;Wissingh, H.A.;0;0;0;0;0;0;0
;;28;de Kruif-Vlasman, F.N.J.;0;0;0;0;0;0;0
;;29;Verbeek, C.M.J.;0;0;0;0;0;0;0
;;30;van Gorkum, J.P.N.;0;0;0;0;0;0;0
;;31;Erkamp, F.H.A.M.;0;0;0;0;0;0;0
;;32;Willemse, W.;0;0;0;0;0;0;0
;;33;Bakx, W.M.;0;0;0;0;0;0;0
;;34;Verschoor, A.E.W.;0;0;0;0;0;0;0
;;35;Jong, S.P.H.M.A.;0;0;0;0;0;0;0
;;36;Sjaardema, E.;0;0;0;0;0;0;0
;;37;Tomlow, G.A.M.M.;0;0;0;0;0;0;0
;;38;Bouwmeester, J.J.;0;0;0;0;0;0;0
;;39;van Houtert, M.J.L.W.;0;0;0;0;0;0;0
;;40;van Hoek, J.T.M.;0;0;0;0;0;0;0
;;41;Timmers-van Dijk, A.A.;0;0;0;0;0;0;0
;;42;Guldemond, A.E.;0;0;0;0;0;0;0
;;43;Boetes, J.M.;0;0;0;0;0;0;0
;;44;Denissen, H.M.J.M.;0;0;0;0;0;0;0
;;45;Biever, R.M.;0;0;0;0;0;0;0
;;46;van Elst, H.D.P.;0;0;0;0;0;0;0
;;47;van Rooij, M.G.J.H.;0;0;0;0;0;0;0
;;48;van Otterloo, G.J.P.;0;0;0;0;0;0;0
;;49;Dekker, W.C.;0;0;0;0;0;0;0
;;50;van Rooijen, M.J.;1;0;1;0;0;0;0
21;Piratenpartij;;;6;2;1;2;1;0;0
;;1;Pontier, M.A.;4;1;1;2;0;0;0
;;2;Zimmerman, H.K.;2;1;0;0;1;0;0
;;3;Bresser, A.C.;0;0;0;0;0;0;0
;;4;Sadloe, S.;0;0;0;0;0;0;0
;;5;Brandsma, W.A.;0;0;0;0;0;0;0
;;6;Pontier, G.P.;0;0;0;0;0;0;0
;;7;van Deijk, D.D.;0;0;0;0;0;0;0
;;8;Grossman, S.E.;0;0;0;0;0;0;0
;;9;Wikkeling, O.M.E.;0;0;0;0;0;0;0
;;10;Bergman, F.J.M.;0;0;0;0;0;0;0
;;11;van Treuren, M.A.;0;0;0;0;0;0;0
;;12;van Rijn, M.P.;0;0;0;0;0;0;0
;;13;Musangamfura, J.A.;0;0;0;0;0;0;0
;;14;Schrama, D.D.;0;0;0;0;0;0;0
;;15;Hallegraeff, D.S.;0;0;0;0;0;0;0
;;16;Lubben, H.P.;0;0;0;0;0;0;0
;;17;Valkhof, C.A.;0;0;0;0;0;0;0
;;18;Braun, P.W.;0;0;0;0;0;0;0
;;19;El Hajoui, N.;0;0;0;0;0;0;0
;;20;van Nes, T.;0;0;0;0;0;0;0
;;21;Horvath, F.N.;0;0;0;0;0;0;0
;;22;van Dijke, W.M.;0;0;0;0;0;0;0
;;23;Pot, A.A.M.;0;0;0;0;0;0;0
;;24;Bouma, E.;0;0;0;0;0;0;0
;;25;Wijnans, F.P.E.;0;0;0;0;0;0;0
;;26;Smit, H.R.M.P.;0;0;0;0;0;0;0
;;27;Nauta, F.H.A.;0;0;0;0;0;0;0
;;28;Matenko, R.W.E.;0;0;0;0;0;0;0
;;29;Haak, R.R.;0;0;0;0;0;0;0
;;30;Linnenbank, A.C.;0;0;0;0;0;0;0
;;31;van der Velde, V.C.;0;0;0;0;0;0;0
;;32;baron van Till, J.W.J.;0;0;0;0;0;0;0
;;33;Blaak, M.G.M.H.;0;0;0;0;0;0;0
22;FNP;;;0;0;0;0;0;0;0
;;1;Soepboer, A.J.;0;0;0;0;0;0;0
;;2;Krol, D.M.B.;0;0;0;0;0;0;0
;;3;van Groning, J.E.;0;0;0;0;0;0;0
;;4;van der Ham, A.E.;0;0;0;0;0;0;0
;;5;Luca, R.E.;0;0;0;0;0;0;0
;;6;Kiers, G.;0;0;0;0;0;0;0
;;7;Bouma, A.B.;0;0;0;0;0;0;0
;;8;van Die, B.L.Y.;0;0;0;0;0;0;0
;;9;Kuipers, F.S.;0;0;0;0;0;0;0
;;10;Hofstra, T.;0;0;0;0;0;0;0
;;11;Fokkinga, K.;0;0;0;0;0;0;0
;;12;Klingestijn, C.H.H.;0;0;0;0;0;0;0
;;13;Land-Dotinga, S.S.;0;0;0;0;0;0;0
;;14;Wijnsma, J.;0;0;0;0;0;0;0
;;15;Wiersma, T.;0;0;0;0;0;0;0
;;16;van Mourik, N.;0;0;0;0;0;0;0
;;17;Visser, A.S.;0;0;0;0;0;0;0
;;18;Boomsma, P.R.;0;0;0;0;0;0;0
;;19;Wouda, W.;0;0;0;0;0;0;0
;;20;Heeringa, T.T.;0;0;0;0;0;0;0
;;21;Hoekstra, M.;0;0;0;0;0;0;0
;;22;Land, F.A.;0;0;0;0;0;0;0
;;23;Feddema, T.;0;0;0;0;0;0;0
;;24;Hemstra, T.;0;0;0;0;0;0;0
;;25;Talma, L.K.;0;0;0;0;0;0;0
;;26;Herms, D.L.W.;0;0;0;0;0;0;0
;;27;de Boer, A.T.;0;0;0;0;0;0;0
;;28;de Deugd, A.;0;0;0;0;0;0;0
;;29;van Althuis, P.S.;0;0;0;0;0;0;0
;;30;de Jong, A.J.;0;0;0;0;0;0;0
;;31;Vollema, L.J.;0;0;0;0;0;0;0
;;32;Rintjema, N.H.;0;0;0;0;0;0;0
;;33;van der Pol, D.M.;0;0;0;0;0;0;0
;;34;Kleefstra, A.;0;0;0;0;0;0;0
;;35;Albada, T.;0;0;0;0;0;0;0
;;36;Hosper, U.G.;0;0;0;0;0;0;0
;;37;Bergstra-Veldhuis, C.J.;0;0;0;0;0;0;0
;;38;Debreczeni, S.;0;0;0;0;0;0;0
;;39;van Dellen, B.B.;0;0;0;0;0;0;0
;;40;de Boer, F.;0;0;0;0;0;0;0
;;41;de Boer, H.R.;0;0;0;0;0;0;0
;;42;Brinkman, T.O.;0;0;0;0;0;0;0
;;43;Dijkstra, J.;0;0;0;0;0;0;0
;;44;Durksz, D.L.;0;0;0;0;0;0;0
;;45;Brouwer, S.;0;0;0;0;0;0;0
;;46;Brouwer, H.;0;0;0;0;0;0;0
;;47;van der Meer, H.;0;0;0;0;0;0;0
;;48;Knol, S.;0;0;0;0;0;0;0
;;49;Singelsma, S.;0;0;0;0;0;0;0
24;DE LINIE;;;2;1;0;0;1;0;0
;;1;van Hooft, G.O.P.C.;1;1;0;0;0;0;0
;;2;Mulder, J.C.A.;0;0;0;0;0;0;0
;;3;Bergen, P.H.;0;0;0;0;0;0;0
;;4;Bulder, C.A.;0;0;0;0;0;0;0
;;5;Peeters, G.P.L.;1;0;0;0;1;0;0
;;6;van der Veen, W.;0;0;0;0;0;0;0
;;7;Voets, J.J.M.;0;0;0;0;0;0;0
;;8;Bozkurt, S.;0;0;0;0;0;0;0
;;9;Gielisse, S.H.J.;0;0;0;0;0;0;0
;;10;Derks van de Ven - Poldervaart, R.D.;0;0;0;0;0;0;0
;;11;Kastelijn, A.W.A.T.;0;0;0;0;0;0;0
;;12;Klasen, B.;0;0;0;0;0;0;0
;;13;Roos, C.;0;0;0;0;0;0;0
;;14;Wood, D.R.;0;0;0;0;0;0;0
;;15;Kastelijn, P.J.T.M.;0;0;0;0;0;0;0
